<?xml version="1.0" encoding="UTF-8"?>
<beans xmlns="http://www.springframework.org/schema/beans"
	xmlns:context="http://www.springframework.org/schema/context"
	xmlns:mvc="http://www.springframework.org/schema/mvc"
	xmlns:task="http://www.springframework.org/schema/task" 
	xmlns:xsi="http://www.w3.org/2001/XMLSchema-instance"
	xmlns:p="http://www.springframework.org/schema/p"
	xsi:schemaLocation="
        http://www.springframework.org/schema/beans     
        http://www.springframework.org/schema/beans/spring-beans-4.0.xsd
        http://www.springframework.org/schema/context
        http://www.springframework.org/schema/context/spring-context-4.0.xsd
        http://www.springframework.org/schema/mvc
        http://www.springframework.org/schema/mvc/spring-mvc-4.0.xsd
        http://www.springframework.org/schema/task
        http://www.springframework.org/schema/task/spring-task.xsd">
<!--         scans packages to find and register beans within the application context. -->
	<context:component-scan base-package="com.wellsfargo.controller" />
	<context:component-scan base-package="com.wellsfargo.service" />
	<context:component-scan base-package="com.wellsfargo.model" />
	<context:component-scan base-package="com.wellsfargo.util" />
	<mvc:annotation-driven />
	<mvc:default-servlet-handler/>
	
	<bean id="jspViewResolver" class="org.springframework.web.servlet.view.InternalResourceViewResolver">  
	   <property name="viewClass" value="org.springframework.web.servlet.view.JstlView"></property> 
	   <property name="prefix" value="/WEB-INF/jsp/" />
	   <property name="suffix" value=".jsp" />
	</bean>
    
</beans>