<?xml version="1.0" encoding="iso-8859-1"?>
<!DOCTYPE log4j:configuration SYSTEM "log4j.dtd" >
<log4j:configuration debug="false">

    <appender name="default.console" class="org.apache.log4j.ConsoleAppender">
        <param name="target" value="System.out" />
        <param name="threshold" value="debug" />
        <layout class="org.apache.log4j.PatternLayout">
            <param name="ConversionPattern" value="%d{ISO8601} %-5p [%c{1}] - %m%n" />
        </layout>
    </appender>
    
 	<!-- APPENDER: dailyRollingFile -->
	 <appender name="dailyRollingFile"
	  class="org.apache.log4j.DailyRollingFileAppender">
	  <param name="File" value="/logs/dailyRollingFile.log" />
	  <param name="Append" value="true" />
	  <param name="DatePattern" value="'.'yyyy-MM-dd" />
	  <layout class="org.apache.log4j.PatternLayout">
	   <param name="ConversionPattern"
	    value="%d{ISO8601} [%t] %-5p %c - %m%n" />
	  </layout>
	 </appender>
	 
	 <!-- APPENDER: rollingFileSize -->
	 <appender name="rollingFileSize"
	  class="org.apache.log4j.RollingFileAppender">
	  <param name="File"
	   value="logs/waf.log" />
	  <param name="MaxFileSize" value="20MB" />
	  <param name="MaxBackupIndex" value="10" />
	  <layout class="org.apache.log4j.PatternLayout">
	   <param name="ConversionPattern"
	    value="%d{ISO8601} [%t] %-5p %c - %m%n" />
	  </layout>
	 </appender>
	 	 
    <appender name="default.file" class="org.apache.log4j.FileAppender">
        <param name="file" value="/logs/mylogfile.log" />
        <param name="append" value="false" />
        <param name="threshold" value="debug" />
        <layout class="org.apache.log4j.PatternLayout">
            <param name="ConversionPattern" value="%d{ISO8601} %-5p [%c{1}] - %m%n" />
        </layout>
    </appender>

    <appender name="another.file" class="org.apache.log4j.FileAppender">
        <param name="file" value="/logs/anotherlogfile.log" />
        <param name="append" value="false" />
        <param name="threshold" value="debug" />
        <layout class="org.apache.log4j.PatternLayout">
            <param name="ConversionPattern" value="%d{ISO8601} %-5p [%c{1}] - %m%n" />
        </layout>
    </appender>
    
	 <appender name="perfAppender"
	  class="org.apache.log4j.RollingFileAppender">
	  <param name="File"
	   value="logs/perf.log" />
	  <param name="MaxFileSize" value="20MB" />
	  <param name="MaxBackupIndex" value="10" />
	  <layout class="org.apache.log4j.PatternLayout">
	   <param name="ConversionPattern"
	    value="%d{ISO8601} [%t] %-5p %c - %m%n" />
	  </layout>
	 </appender>
	 
	<logger name="perfLogger" additivity="false">
	<level value="trace" />
        <appender-ref ref="perfAppender" />
    </logger>
    
<!--     <logger name="com.yourcompany.SomeClass" additivity="false">
        <level value="debug" />
        <appender-ref ref="another.file" />
    </logger> -->

    <root>
        <priority value="trace" />
        <!-- <appender-ref ref="default.console" /> -->
        <appender-ref ref="rollingFileSize" />
    </root>
</log4j:configuration>