<?xml version="1.0" encoding="UTF-8"?>
<wls:weblogic-web-app xmlns:wls="http://xmlns.oracle.com/weblogic/weblogic-web-app" xmlns:xsi="http://www.w3.org/2001/XMLSchema-instance" xsi:schemaLocation="http://java.sun.com/xml/ns/javaee http://java.sun.com/xml/ns/javaee/web-app_2_5.xsd http://xmlns.oracle.com/weblogic/weblogic-web-app http://xmlns.oracle.com/weblogic/weblogic-web-app/1.4/weblogic-web-app.xsd">
	<wls:session-descriptor>
		<wls:timeout-secs>900</wls:timeout-secs>
		<wls:cookie-name>WWAF_GEOIP</wls:cookie-name>
		<wls:cookie-secure>true</wls:cookie-secure>
		<wls:url-rewriting-enabled>false</wls:url-rewriting-enabled>
	</wls:session-descriptor>
	<wls:container-descriptor>
		<wls:prefer-web-inf-classes>true</wls:prefer-web-inf-classes>
	</wls:container-descriptor>
</wls:weblogic-web-app>